<?xml version="1.0" encoding="UTF-8"?>
<!DOCTYPE mapper
  PUBLIC "-//mybatis.org//DTD Mapper 3.0//EN"
  "https://mybatis.org/dtd/mybatis-3-mapper.dtd">
  
<mapper namespace="com.holictype.mapper.BoardMapper">

	<select id="select" parameterType="int" resultType="BoardDto">
		SELECT bno, title, sname, content, writer, regDate
		FROM review
		WHERE bno = #{bno}
	</select>
	
	<select id="count" resultType="int">
		SELECT count(*)
		FROM review
	</select>
	
	<insert id="insert" parameterType="BoardDto">
		INSERT INTO review(bno, title, sname, content, writer)
		VALUES (bno_seq.nextval, #{title}, #{sname}, #{content}, #{writer})
	</insert>

	<update id="update" parameterType="BoardDto">
		UPDATE review
		SET title = #{title}, sname = #{sname}, content = #{content}, regDate = SYSDATE
		WHERE bno = #{bno} AND writer = #{writer}
	</update>
	
	<delete id="delete" parameterType="map">
		DELETE FROM review
		WHERE bno = #{bno} and writer = #{writer}	
	</delete>
	
	<delete id="deleteForAdmin">
		DELETE FROM review
		WHERE bno = #{bno}
	</delete>
	
	<delete id="deleteAll">
		DELETE FROM review
	</delete>
	
	<select id="selectAll" resultType="BoardDto">
		SELECT bno, title, sname, content, writer, regDate
		FROM review
		ORDER BY regDate DESC, bno DESC
	</select>
	
	<select id="selectPage" parameterType="map" resultType="BoardDto">		
		SELECT *
		FROM (SELECT ROWNUM rNUM, A.*
				FROM (SELECT bno, title, content, writer, view_cnt, comments_cnt, regDate
					FROM board
					ORDER BY regDate DESC, bno DESC) A
				)
		WHERE rNUM between ((NVL(#{page},0)-1) * #{pageSize} +1) and (NVL(#{page},0) * #{pageSize})
		ORDER BY reg_date DESC, bno DESC
	</select>
	
	<select id="selectSearchPage" parameterType="SearchCondition" resultType="BoardDto">		
		SELECT *
		FROM (SELECT ROWNUM rNUM, A.*
				FROM (SELECT bno, title, sname, content, writer, regDate
					FROM review
					WHERE 1=1
						<include refid="searchCondition"/>
					ORDER BY regDate DESC, bno DESC) A
				)
		WHERE rNUM between ((NVL(#{page},0)-1) * #{pageSize} +1) and (NVL(#{page},0) * #{pageSize})
		ORDER BY regDate DESC, bno DESC
	</select>	
	
	<sql id="searchCondition">
		<if test="keyword != null and keyword != ''">
			<choose>
				<when test='option=="T"'>
					and title LIKE '%' || #{keyword} || '%'
				</when>
				<when test='option=="W"'>
					and writer LIKE '%' || #{keyword} || '%'
				</when>
				<otherwise>
					and (title LIKE '%' || #{keyword} || '%'
					OR content LIKE '%' || #{keyword} || '%')
				</otherwise>
			</choose>
		</if>
	</sql>
	
	<select id="searchResultCnt" parameterType="SearchCondition" resultType="int">		
		SELECT count(*)
		FROM review
		WHERE 1=1
			<include refid="searchCondition"/>
	</select>
</mapper>