<?xml version="1.0" encoding="UTF-8"?>
<!DOCTYPE configuration
  PUBLIC "-//mybatis.org//DTD Config 3.0//EN"
  "https://mybatis.org/dtd/mybatis-3-config.dtd">
  
  <configuration>
  	<settings>
    	<setting name="cacheEnabled" value="false" />
    	<setting name="jdbcTypeForNull" value="NULL" />
	</settings>
  	<typeAliases>
   		<typeAlias alias="BoardDto" type="com.holictype.board.domain.BoardDto"/>
		<typeAlias alias="SearchCondition" type="com.holictype.board.domain.SearchCondition"/>
  	</typeAliases>
  </configuration>